slug,label_it,category,isco_code,synonyms,note
cameriere,Cameriere/a di sala,ristorazione,5131,cameriere|cameriera|addetto sala|addetta sala|commis di sala|runner|chef de rang|cameriere ai tavoli,
maitre,Maître di sala,ristorazione,5131,maitre|responsabile di sala|capo sala|direttore di sala,
sommelier,Sommelier,ristorazione,5131,esperto vini|cantiniere di sala,
barista,Barista,ristorazione,5132,barman|barlady|bartender|banconista bar|addetto caffetteria|caffettiere,
cuoco,Cuoco/a,ristorazione,5120,cuoco|cuoca|capo partita|chef de partie|cuoco di linea|cuoco mensa|sushiman,
chef,Chef / capo cuoco,ristorazione,3434,capo cuoco|executive chef|sous chef|responsabile di cucina,
aiuto-cuoco,Aiuto cuoco/a,ristorazione,9412,aiuto cuoco|aiuto cuoca|commis di cucina|aiuto cucina|addetto preparazioni,
lavapiatti,Lavapiatti,ristorazione,9412,lavastoviglie|addetto lavaggio stoviglie|plongeur|stewarding,
pizzaiolo,Pizzaiolo/a,ristorazione,5120,pizzaiolo|pizzaiola|aiuto pizzaiolo|forno a legna,
rosticcere,Rosticcere / addetto rosticceria,ristorazione,5120,rosticcere|addetto rosticceria|friggitore|girarrosto,
pasticcere,Pasticcere/a,ristorazione,7512,pasticcere|pasticciera|aiuto pasticcere|pastry chef,
panettiere,Panettiere/a / fornaio,ristorazione,7512,panettiere|panettiera|fornaio|fornaia|panificatore|addetto forno,
gelatiere,Gelatiere/a,ristorazione,7512,gelatiere|gelatiera|addetto gelateria,
addetto-fast-food,Addetto/a fast food e ristorazione veloce,ristorazione,5246,addetto fast food|crew member|addetto ristorazione veloce|addetto self service,
addetto-mensa,Addetto/a mensa e ristorazione collettiva,ristorazione,5246,addetto mensa|addetta mensa|scodellatore|scodellatrice|porzionatore|ristorazione collettiva,
addetto-catering,Addetto/a catering e banqueting,ristorazione,5131,catering|banqueting|cameriere extra|extra per eventi|addetto buffet,
responsabile-ristorante,Responsabile di ristorante o bar,ristorazione,1412,direttore ristorante|restaurant manager|responsabile punto ristoro|gestore bar,
receptionist-hotel,Receptionist d'albergo,turismo,4224,receptionist hotel|addetto ricevimento|front office hotel|portiere d'albergo|portiere notturno|night auditor|concierge,
cameriera-ai-piani,Cameriere/a ai piani,turismo,9112,cameriera ai piani|cameriere ai piani|addetta camere|room attendant|housekeeping,
governante,Governante d'albergo,turismo,5151,housekeeper|responsabile piani|capo cameriera,
facchino-hotel,Facchino/a d'albergo,turismo,9621,facchino d'albergo|portabagagli|bell boy|valet,
animatore-turistico,Animatore/animatrice turistico,turismo,3423,animatore|animatrice|animazione villaggi|mini club|capo animazione,verificare codice ISCO
guida-turistica,Guida turistica / accompagnatore,turismo,5113,guida turistica|accompagnatore turistico|tour leader|guida museale,
agente-viaggi,Consulente di agenzia viaggi,turismo,4221,agente di viaggio|addetto agenzia viaggi|travel agent|consulente viaggi|booking,
bagnino,Bagnino/a / assistente bagnanti,turismo,5419,bagnino|bagnina|assistente bagnanti|lifeguard,
maestro-sci,Maestro/a di sci e snowboard,turismo,3422,maestro di sci|maestra di sci|istruttore sci|maestro snowboard,
addetto-impianti-risalita,Addetto/a impianti di risalita,turismo,8343,addetto seggiovia|skilift|addetto funivia|impianti a fune,verificare codice ISCO
addetto-noleggio,"Addetto/a noleggio (sci, bici, auto)",turismo,5249,noleggio sci|noleggio bici|rent a car|addetto noleggio auto,verificare codice ISCO
addetto-stabilimento-balneare,Addetto/a stabilimento balneare,turismo,9629,spiaggino|addetto spiaggia|lido|stabilimento balneare,
hostess-eventi,Hostess e steward per eventi e fiere,turismo,4229,hostess|steward eventi|hostess fiere|accoglienza eventi|congressi,verificare codice ISCO
commesso,Commesso/a / addetto vendite,commercio,5223,commesso|commessa|addetto vendite|addetta vendite|sales assistant|venditore negozio|shop assistant|commesso abbigliamento,
cassiere,Cassiere/a,commercio,5230,cassiere|cassiera|addetto cassa|addetta cassa|cassa supermercato,
scaffalista,Scaffalista / addetto rifornimento,commercio,9334,addetto rifornimento scaffali|riordino merce|merchandiser gdo|addetto reparto,
banconista-gastronomia,Banconista gastronomia e salumeria,commercio,5223,banconista|addetto banco gastronomia|salumiere|salumiera|banco salumi e formaggi,
macellaio,Macellaio/a,commercio,7511,macellaio|macellaia|addetto macelleria|disossatore|norcino|banco carne,
pescivendolo,Pescivendolo/a / addetto pescheria,commercio,7511,pescivendolo|pescivendola|addetto pescheria|banco pesce,
addetto-ortofrutta,Addetto/a ortofrutta,commercio,5223,addetto ortofrutta|fruttivendolo|fruttivendola|reparto frutta e verdura,
responsabile-negozio,Responsabile di negozio / store manager,commercio,1420,store manager|responsabile punto vendita|direttore negozio|capo reparto|vice direttore supermercato,
venditore-ambulante,Venditore/venditrice ambulante e di mercato,commercio,5211,ambulante|venditore mercato|banco mercato|mercatino,
agente-commercio,Agente di commercio / rappresentante,commercio,3322,agente di commercio|rappresentante|venditore|commerciale|sales representative|area manager vendite,
venditore-porta-a-porta,Venditore/venditrice porta a porta,commercio,5243,porta a porta|venditore a domicilio|door to door,
operatore-call-center,Operatore/operatrice call center (vendita),commercio,5244,call center|telemarketing|teleselling|operatore telefonico outbound|televenditore,
customer-care,Addetto/a assistenza clienti,commercio,4222,customer care|customer service|assistenza clienti|servizio clienti|helpdesk clienti|inbound,
visual-merchandiser,Visual merchandiser / vetrinista,commercio,3432,visual merchandiser|vetrinista|allestitore vetrine,
commesso-farmacia,Commesso/a di farmacia e parafarmacia,commercio,3213,commessa farmacia|banconista parafarmacia|addetto parafarmacia,
ottico,Ottico/a,commercio,3254,ottico|ottica|optometrista|tecnico ottico,
fiorista,Fiorista,commercio,5223,addetto negozio fiori|composizioni floreali,verificare codice ISCO
promoter,Promoter / hostess promozionale,commercio,5242,hostess promozionale|degustazioni|dimostratore|promoter supermercato,
volantinaggio,Addetto/a volantinaggio,commercio,9621,distributore volantini|distribuzione pubblicità,verificare codice ISCO
addetto-ecommerce,Addetto/a e-commerce,commercio,4110,ecommerce|e-commerce|gestione ordini online|marketplace|amazon seller,verificare codice ISCO
venditore-auto,Venditore/venditrice di auto,commercio,5223,venditore auto|consulente vendita auto|salone auto|concessionaria,verificare codice ISCO
magazziniere,Magazziniere/a,logistica,4321,magazziniere|magazziniera|addetto magazzino|addetta magazzino|operatore di magazzino|warehouse operator,
mulettista,Mulettista / carrellista,logistica,8344,carrellista|carrello elevatore|patentino muletto|conduttore muletto|reach truck,
picker,Addetto/a picking e preparazione ordini,logistica,9333,picking|preparazione ordini|order picker|allestitore ordini,
facchino,Facchino/a / addetto carico e scarico,logistica,9333,facchino|facchina|carico e scarico|scaricatore|movimentazione merci|traslocatore|traslochi,
imballatore,Addetto/a imballaggio e confezionamento,logistica,9321,imballatore|imballatrice|confezionatore|confezionatrice|packaging manuale|addetto confezionamento|incartatore,
responsabile-magazzino,Responsabile di magazzino e logistica,logistica,1324,responsabile magazzino|capo magazzino|warehouse manager|responsabile logistica|capoturno magazzino,
impiegato-logistica,Impiegato/a logistica e spedizioni,logistica,4323,impiegato logistica|addetto spedizioni|spedizioniere|traffic|pianificatore trasporti,
addetto-smistamento,Addetto/a smistamento pacchi,logistica,9333,smistamento pacchi|sorter|addetto hub|smistatore,verificare codice ISCO
inventarista,Inventarista,logistica,4321,addetto inventari|conteggio inventario,
postino,Portalettere / postino,logistica,4412,postino|postina|portalettere|recapito posta,
gruista,Gruista,logistica,8343,operatore gru|gru a torre|autogru,
autista-b,Autista patente B / furgone,trasporti,8322,autista patente b|autista furgone|driver|autista consegne|corriere|autista corriere espresso,
rider,Rider / fattorino consegne,trasporti,9621,fattorino|fattorina|consegne a domicilio|pony express|delivery,
autista-camion,Autista camion patente C/CE,trasporti,8332,autista patente c|autista patente ce|camionista|autotrasportatore|bilico|autista mezzi pesanti|autista cqc,
autista-adr,Autista trasporto merci pericolose (ADR),trasporti,8332,autista adr|cisternista|trasporto carburanti|autista cisterna,
autista-autobus,Autista di autobus e pullman,trasporti,8331,autista autobus|autista pullman|autista patente d|autista scuolabus|conducente bus|autista bus turistici,
autista-ncc,Autista NCC / taxi,trasporti,8322,autista ncc|noleggio con conducente|tassista|taxi|chauffeur|autista privato,
marinaio,Marinaio/a / personale di bordo,trasporti,8350,marinaio|mozzo|personale di coperta|ormeggiatore|equipaggio traghetti,
muratore,Muratore,edilizia,7112,muratrice|operaio edile|muratore specializzato|capo squadra muratori,
manovale,Manovale edile,edilizia,9313,manovale edile|aiuto muratore|operaio comune edile,
carpentiere,Carpentiere edile,edilizia,7115,carpentiere edile|casseforme|carpentiere legno,
ferraiolo,Ferraiolo,edilizia,7114,piegaferro|armature cemento,
piastrellista,Piastrellista,edilizia,7122,posatore piastrelle|posatore rivestimenti|mosaicista,
parquettista,Posatore/posatrice di pavimenti e parquet,edilizia,7122,parquettista|posatore pavimenti|posatore parquet|pavimentista,
imbianchino,Imbianchino / pittore edile,edilizia,7131,imbianchino|pittore edile|tinteggiatore|decoratore edile,
cartongessista,Cartongessista,edilizia,7123,montatore cartongesso|controsoffitti,
intonacatore,Intonacatore / stuccatore,edilizia,7123,intonacatore|stuccatore|rasatore|intonaci,
copritetto,Copritetto / impermeabilizzatore,edilizia,7121,copritetto|tettoista|impermeabilizzatore|guaine|coperture,
lattoniere,Lattoniere,edilizia,7213,lattoneria|grondaie,
serramentista,Serramentista / montatore di infissi,edilizia,7125,serramentista|montatore infissi|posatore serramenti|installatore finestre|vetraio,verificare codice ISCO
geometra,Geometra / tecnico di cantiere,edilizia,3112,geometra|tecnico di cantiere|assistente di cantiere|contabilità di cantiere|topografo,
capocantiere,Capocantiere,edilizia,3123,capo cantiere|direttore tecnico di cantiere|site manager|caposquadra edile,
addetto-demolizioni,Addetto/a demolizioni e bonifiche,edilizia,7119,demolizioni|bonifica amianto|scoibentazione,verificare codice ISCO
ponteggiatore,Ponteggiatore,edilizia,7119,montatore ponteggi|ponteggi,
operaio-stradale,Operaio/a stradale,edilizia,9312,operaio stradale|asfaltista|stradino|segnaletica stradale|cantoniere,
escavatorista,Escavatorista / operatore macchine movimento terra,edilizia,8342,escavatorista|ruspista|palista|operatore movimento terra|macchine operatrici,
idraulico,Idraulico/a,impianti,7126,idraulico|idraulica|termoidraulico|installatore idraulico|impianti idraulici,
elettricista,Elettricista civile,impianti,7411,elettricista|installatore elettrico|impianti elettrici|aiuto elettricista,
elettricista-industriale,Elettricista industriale / manutentore elettrico,impianti,7412,manutentore elettrico|quadrista|cablatore quadri elettrici|elettromeccanico,
frigorista,Frigorista / tecnico condizionamento,impianti,7127,frigorista|tecnico climatizzazione|condizionatori|tecnico refrigerazione|installatore clima,
tecnico-caldaie,Tecnico/a caldaie e impianti termici,impianti,7126,caldaista|manutentore caldaie|tecnico caldaie|impianti termici|conduttore caldaie,
installatore-fotovoltaico,Installatore/installatrice fotovoltaico,impianti,7411,installatore fotovoltaico|pannelli solari|impianti fotovoltaici|installatore energie rinnovabili,
antennista,Antennista / installatore reti e fibra,impianti,7422,antennista|installatore fibra|tecnico fibra ottica|installatore reti|cablaggio strutturato,
manutentore-edifici,Manutentore/manutentrice di edifici (tuttofare),impianti,7119,manutentore|tuttofare|handyman|manutenzione stabili|manutentore generico,verificare codice ISCO
ascensorista,Tecnico/a ascensorista,impianti,7412,ascensorista|tecnico ascensori|manutentore ascensori,
installatore-allarmi,Installatore/installatrice di sistemi di allarme,impianti,7421,installatore allarmi|videosorveglianza|antintrusione|tecnico impianti di sicurezza,
operaio-produzione,Operaio/a di produzione,industria,9329,operaio|operaia|addetto produzione|addetta produzione|operaio generico|operaio di linea|addetto alla linea,
operatore-macchine,Operatore/operatrice macchine automatiche,industria,8189,operatore macchine|conduttore macchine|macchinista industriale|addetto macchine automatiche,
addetto-confezionatrici,Addetto/a macchine confezionatrici,industria,8183,confezionatrici|imbottigliamento|etichettatrici|linea di confezionamento|blisteratrici,
operatore-alimentare,Operatore/operatrice industria alimentare,industria,8160,industria alimentare|addetto produzione alimentare|operaio alimentare|salumificio|caseificio|conserviero,
addetto-macello,Addetto/a macello e sezionamento carni,industria,7511,macello|sezionamento carni|mattatoio|disosso,
operatore-cnc,Operatore/operatrice CNC,industria,7223,operatore cnc|macchine utensili|centri di lavoro|programmatore cnc,
tornitore,Tornitore/tornitrice,industria,7223,tornitore|tornio|tornitore cnc,
fresatore,Fresatore/fresatrice,industria,7223,fresatore|fresa|fresatore cnc,
saldatore,Saldatore/saldatrice,industria,7212,saldatore|saldatrice|saldatura tig|saldatura mig|saldatura a filo|saldocarpentiere,
carpentiere-metallico,Carpentiere metallico,industria,7214,carpenteria metallica|montatore strutture metalliche|lamierista,
fabbro,Fabbro,industria,7221,fabbro ferraio|cancelli|inferriate,
attrezzista,Attrezzista / stampista,industria,7222,stampista|attrezzista stampi|costruttore stampi|attrezzista cnc,
montatore-meccanico,Montatore/montatrice meccanico,industria,8211,montatore meccanico|assemblatore meccanico|assemblaggio macchine|montaggio meccanico|montatore,
assemblatore-elettronico,Assemblatore/assemblatrice elettronico,industria,8212,assemblatore elettronico|cablatore|montaggio componenti elettronici|saldatura a stagno,
manutentore-meccanico,Manutentore meccanico industriale,industria,7233,manutentore meccanico|manutenzione impianti industriali|meccanico industriale|manutentore macchine|meccanico macchine agricole,
verniciatore,Verniciatore/verniciatrice,industria,7132,verniciatore|verniciatura|verniciatore a spruzzo|verniciatore carrozzeria,
stampaggio-plastica,Operatore/operatrice stampaggio plastica,industria,8142,stampaggio plastica|presse ad iniezione|addetto presse|stampaggio,
operatore-chimico,Conduttore/conduttrice di impianti chimici,industria,8131,impianti chimici|operatore chimico|produzione farmaceutica|addetto reparto chimico,
operatore-fonderia,Operatore/operatrice di fonderia,industria,8121,fonderia|fonditore|colata|pressofusione,
controllo-qualita,Addetto/a controllo qualità,industria,7543,controllo qualità|collaudatore|collaudatrice|quality control|ispettore qualità,
lavanderia-industriale,Addetto/a lavanderia industriale,industria,8157,lavanderia industriale|operatore lavanderia industriale|stireria industriale,
operatore-tessile,Operatore/operatrice tessile,industria,8152,tessile|tessitore|tessitrice|filatura|telaio|operaio tessile,
cucitrice,Cucitore/cucitrice industriale,industria,8153,cucitrice|cucitore|macchina da cucire|confezione abbigliamento|orlatrice,
responsabile-produzione,Responsabile di produzione,industria,1321,responsabile produzione|capo reparto produzione|direttore di stabilimento|plant manager|capoturno produzione,
falegname,Falegname,artigianato,7522,ebanista|mobiliere|falegnameria,
operatore-macchine-legno,Operatore/operatrice macchine per il legno,artigianato,7523,macchine legno|sezionatrice|pantografo|bordatrice|squadratrice,
tappezziere,Tappezziere/a,artigianato,7534,tappezziere|tappezziera|imbottitore|divani,
calzolaio,Calzolaio/a,artigianato,7536,calzolaio|calzolaia|riparazione scarpe|calzaturiero,
pellettiere,Pellettiere / lavorazione pelle,artigianato,7536,pellettiere|pelletteria|borse|lavorazione pelle,verificare codice ISCO
sarto,Sarto/sarta / modellista,artigianato,7531,sarto|sarta|modellista|riparazioni sartoriali|rammendatrice,
orafo,Orafo/orafa,artigianato,7313,orafo|orafa|gioielliere|incastonatore|incastonatrice,
orologiaio,Orologiaio/a,artigianato,7311,orologiaio|riparazione orologi,
restauratore,Restauratore/restauratrice,artigianato,3433,restauratore|restauratrice|restauro mobili|restauro,verificare codice ISCO
marmista,Marmista / scalpellino,artigianato,7113,scalpellino|lavorazione pietra|lapidi,
ceramista,Ceramista,artigianato,7314,vasaio|decoratore ceramica,
tipografo,Tipografo/a / operatore di stampa,artigianato,7322,tipografo|tipografa|macchinista stampa|stampa offset|stampa digitale|serigrafo,
legatore,Legatore/legatrice,artigianato,7323,legatore|legatoria|cartotecnica,
meccanico-auto,Meccanico/a auto,auto,7231,meccanico|meccanico auto|autoriparatore|meccatronico|motorista|tagliandi,
meccanico-mezzi-pesanti,Meccanico/a mezzi pesanti,auto,7231,meccanico camion|meccanico mezzi pesanti|meccanico veicoli industriali,
meccanico-moto,Meccanico/a moto e scooter,auto,7231,meccanico moto|motociclette|officina scooter,
meccanico-bici,Meccanico/a di biciclette,auto,7234,meccanico bici|riparazione biciclette|e-bike,
elettrauto,Elettrauto,auto,7412,elettricista auto|diagnosi elettronica auto,
carrozziere,Carrozziere/a,auto,7213,carrozziere|carrozzeria|battilastra|lattoniere auto|riparatore carrozzeria,
gommista,Gommista,auto,7231,cambio gomme|pneumatici|equilibratura,
addetto-autolavaggio,Addetto/a autolavaggio,auto,9122,autolavaggio|lavaggio auto|car wash|detailing,
accettatore-officina,Accettatore/accettatrice officina,auto,4229,accettatore|service advisor|accettazione officina,verificare codice ISCO
bracciante,Bracciante / operaio agricolo,agricoltura,9211,bracciante|operaio agricolo|operaia agricola|raccolta frutta|vendemmia|vendemmiatore|raccolta olive|stagionale agricolo|raccoglitore,
trattorista,Trattorista / conduttore macchine agricole,agricoltura,8341,conduttore trattore|macchine agricole|mietitrebbia|operatore agromeccanico,
addetto-stalla,Addetto/a stalla / mungitore,agricoltura,9212,addetto stalla|mungitore|mungitrice|allevamento|stalliere,
allevatore,Allevatore/allevatrice,agricoltura,6121,allevatore|allevatrice|zootecnico|allevamento bestiame,
giardiniere,Giardiniere/a / manutentore del verde,agricoltura,6113,giardiniere|giardiniera|manutenzione del verde|potatore|tagliaerba|vivaista|florovivaista,
addetto-vivaio,Addetto/a vivaio e serre,agricoltura,9214,vivaio|serre|serricoltura|addetto serra|orticoltura,
operaio-forestale,Operaio/a forestale / boscaiolo,agricoltura,6210,operaio forestale|boscaiolo|motoseghista|taglialegna,
viticoltore,Viticoltore/viticoltrice / cantiniere,agricoltura,6112,viticoltore|vignaiolo|cantiniere|cantina|potatore vigneto,
addetto-frantoio,Addetto/a frantoio e oleificio,agricoltura,8160,frantoio|frantoiano|oleificio|molitura olive,verificare codice ISCO
agronomo,Agronomo/agronoma / perito agrario,agricoltura,2132,agronomo|agronoma|perito agrario|agrotecnico|consulente agricolo,
enologo,Enologo/a,agricoltura,2132,enologo|enologa|enotecnico,verificare codice ISCO
pescatore,Pescatore/pescatrice / acquacoltura,agricoltura,6222,pescatore|pescatrice|acquacoltura|allevamento ittico,
apicoltore,Apicoltore/apicoltrice,agricoltura,6123,apicoltore|apicoltrice|miele,
toelettatore,Toelettatore/toelettatrice / cura animali,agricoltura,5164,toelettatore|toelettatura|toilettatura|pet groomer|dog sitter|addetto pensione animali,
veterinario,Veterinario/a,agricoltura,2250,veterinario|veterinaria|medico veterinario,
assistente-veterinario,Assistente veterinario / tecnico veterinario,agricoltura,3240,assistente veterinario|tecnico veterinario|infermiere veterinario,
infermiere,Infermiere/a,sanita,2221,infermiere|infermiera|infermiere professionale|infermiere di reparto|infermiere domiciliare,
oss,Operatore/operatrice socio-sanitario (OSS),sanita,5321,operatore socio sanitario|operatrice socio sanitaria|oss rsa|oss ospedale,
asa,Ausiliario/a socio-assistenziale (ASA),sanita,5321,ausiliario socio assistenziale|ausiliaria socio assistenziale|osa|ausiliario rsa,
medico,Medico di medicina generale,sanita,2211,medico|medico di base|medico generico|guardia medica|medico di continuità assistenziale,
medico-specialista,Medico specialista,sanita,2212,specialista ambulatoriale|chirurgo|anestesista|pediatra|cardiologo,
fisioterapista,Fisioterapista,sanita,2264,fisioterapia|riabilitazione|terapista della riabilitazione,
farmacista,Farmacista,sanita,2262,farmacista collaboratore|direttore di farmacia,
tecnico-radiologia,Tecnico/a di radiologia,sanita,3211,tecnico radiologia|tsrm|tecnico radiologo,
tecnico-laboratorio-biomedico,Tecnico/a di laboratorio biomedico,sanita,3212,tecnico laboratorio analisi|tecnico di laboratorio biomedico|tlb,
ostetrica,Ostetrica/ostetrico,sanita,2222,ostetrico,
logopedista,Logopedista,sanita,2266,logopedia,
psicologo,Psicologo/a,sanita,2634,psicologo|psicologa|psicoterapeuta,
odontotecnico,Odontotecnico/a,sanita,3214,odontotecnico|protesi dentarie|laboratorio odontotecnico,
aso,Assistente di studio odontoiatrico (ASO),sanita,3251,assistente alla poltrona|assistente dentista|assistente studio dentistico,
igienista-dentale,Igienista dentale,sanita,3251,igienista dentale|igiene dentale,
dentista,Odontoiatra / dentista,sanita,2261,dentista|odontoiatra,
soccorritore,Soccorritore / autista di ambulanza,sanita,3258,soccorritore|autista ambulanza|autista soccorritore|trasporto sanitario|118,
accettazione-sanitaria,Addetto/a accettazione e CUP,sanita,4226,accettazione sanitaria|cup|front office clinica|segreteria medica,
badante,Badante / assistente familiare,assistenza,5322,assistente familiare|assistente anziani|assistenza domiciliare|caregiver|badante convivente,
colf,Colf / collaboratore/collaboratrice domestico,assistenza,9111,collaboratrice domestica|collaboratore domestico|domestica|pulizie domestiche,
baby-sitter,Baby sitter / tata,assistenza,5311,baby sitter|babysitter|tata|nanny|au pair,
educatore-nido,Educatore/educatrice asilo nido,assistenza,2342,educatrice nido|educatore nido|asilo nido|educatrice prima infanzia,
educatore-professionale,Educatore/educatrice professionale,assistenza,3412,educatore professionale|educatrice professionale|educatore comunità|educatore sociale|educatore disabili,
assistente-sociale,Assistente sociale,assistenza,2635,servizi sociali,
assistente-educativo,Assistente educativo e alla comunicazione (AEC),assistenza,5312,aec|assistente educativo|assistente alla persona scuola|assistente alla comunicazione|assistente all'autonomia,
mediatore-culturale,Mediatore/mediatrice culturale,assistenza,3412,mediatore culturale|mediatrice culturale|mediatore linguistico,verificare codice ISCO
animatore-sociale,"Animatore/animatrice sociale (RSA, centri diurni)",assistenza,3412,animatore rsa|animatore sociale|animatrice anziani|centro diurno,verificare codice ISCO
parrucchiere,Parrucchiere/a / acconciatore,benessere,5141,parrucchiere|parrucchiera|acconciatore|acconciatrice|hair stylist|shampista,
barbiere,Barbiere,benessere,5141,barber,
estetista,Estetista,benessere,5142,centro estetico|trattamenti viso e corpo|epilazione|make up artist|truccatore|truccatrice,
onicotecnica,Onicotecnico/a / nail artist,benessere,5142,onicotecnica|onicotecnico|nail artist|ricostruzione unghie|manicure|pedicure,
massaggiatore,Massaggiatore/massaggiatrice / operatore benessere,benessere,3255,massaggiatore|massaggiatrice|massofisioterapista|operatore spa|centro benessere,
personal-trainer,Istruttore/istruttrice fitness / personal trainer,benessere,3423,personal trainer|istruttore palestra|istruttrice fitness|istruttore sala pesi|pilates|yoga,
istruttore-nuoto,Istruttore/istruttrice di nuoto,benessere,3423,istruttore nuoto|istruttrice nuoto|acquagym,
allenatore,Allenatore/allenatrice sportivo,benessere,3422,allenatore|allenatrice|coach sportivo|preparatore atletico|istruttore calcio,
addetto-pulizie,Addetto/a alle pulizie,pulizie,9112,addetto pulizie|addetta pulizie|operatore pulizie|pulizie uffici|pulizie condomini|pulizie ospedaliere|impresa di pulizie,
addetto-sanificazione,Addetto/a pulizie industriali e sanificazione,pulizie,9129,sanificazione|pulizie industriali|disinfestazione|derattizzazione|pulizie post cantiere,
lavavetri,Lavavetri,pulizie,9123,pulizia vetri|vetrate,
addetto-lavanderia,Addetto/a lavanderia e stireria,pulizie,9121,lavanderia|stireria|stiratrice|stiratore|tintoria,
custode,Custode / portiere di condominio,pulizie,5153,portiere|portinaio|portinaia|portierato|custode condominio,
operatore-ecologico,Operatore/operatrice ecologico,pulizie,9611,operatore ecologico|netturbino|spazzino|raccolta rifiuti|autista compattatore,
selezione-rifiuti,Addetto/a selezione rifiuti e riciclo,pulizie,9612,selezione rifiuti|impianto riciclaggio|cernita|isola ecologica,
parcheggiatore,Parcheggiatore / addetto parcheggio,pulizie,9629,addetto parcheggio|valet parking|garagista,
maggiordomo,Maggiordomo / governante privato,pulizie,5152,governante privata|butler,
operatore-funebre,Operatore/operatrice funebre,pulizie,5163,necroforo|operatore funebre|addetto onoranze funebri|cerimoniere funebre,
guardia-giurata,Guardia giurata,sicurezza,5414,gpg|vigilante|vigilanza armata|guardia particolare giurata,
addetto-sicurezza,Addetto/a alla sicurezza non armata,sicurezza,5414,addetto sicurezza|steward|buttafuori|addetto servizi di controllo|security|sorveglianza non armata,
addetto-antincendio,Addetto/a antincendio,sicurezza,5411,addetto antincendio|vigile del fuoco aziendale|squadra antincendio,
impiegato-amministrativo,Impiegato/a amministrativo,ufficio,4110,impiegato amministrativo|impiegata amministrativa|amministrazione|back office|impiegato d'ordine|addetto ufficio,
segretario,Segretario/a,ufficio,4120,segretaria|segretario|segreteria|assistente amministrativa,
receptionist,Receptionist / centralinista,ufficio,4226,centralinista|front office|accoglienza clienti|portineria aziendale,
contabile,Contabile / addetto contabilità,ufficio,4311,addetto contabilità|addetta contabilità|ragioniere|ragioniera|prima nota|contabilità generale,
addetto-paghe,Addetto/a paghe e contributi,ufficio,4313,addetto paghe|payroll|elaborazione cedolini|buste paga,
commercialista,Commercialista / esperto contabile,ufficio,2411,dottore commercialista|revisore contabile|esperto contabile,
operatore-caf,Operatore/operatrice CAF e patronato,ufficio,3313,caf|patronato|730|dichiarazione dei redditi|operatore fiscale,verificare codice ISCO
assistente-direzione,Assistente di direzione,ufficio,3343,assistente di direzione|executive assistant|segretaria di direzione|personal assistant,
office-manager,Office manager / responsabile amministrativo,ufficio,3341,office manager|responsabile ufficio|capo ufficio|responsabile amministrativo,
data-entry,Addetto/a data entry,ufficio,4132,data entry|inserimento dati|digitazione dati,
archivista,Archivista / addetto archivio,ufficio,4415,addetto archivio|archiviazione documenti|protocollo,
addetto-acquisti,Addetto/a acquisti / buyer,ufficio,3323,buyer|addetto acquisti|ufficio acquisti|approvvigionamenti|purchasing,
ufficio-commerciale,Addetto/a ufficio commerciale,ufficio,4110,ufficio commerciale|sales support|back office commerciale|gestione ordini clienti|inside sales,verificare codice ISCO
addetto-risorse-umane,Addetto/a risorse umane,ufficio,4416,addetto risorse umane|ufficio personale|hr|amministrazione del personale,
recruiter,Selezionatore/selezionatrice del personale,ufficio,2423,recruiter|selezionatore|selezionatrice|talent acquisition|ricerca e selezione,
impiegato-banca,Impiegato/a di banca,ufficio,4211,impiegato banca|cassiere banca|sportellista|operatore di sportello|consulente bancario,
consulente-assicurativo,Consulente assicurativo / subagente,ufficio,3321,consulente assicurativo|agente assicurativo|subagente|assicurazioni|produttore assicurativo,
agente-immobiliare,Agente immobiliare,ufficio,3334,consulente immobiliare|agenzia immobiliare|mediatore immobiliare|amministratore di condominio,
avvocato,Avvocato/a,ufficio,2611,avvocato|avvocata|praticante avvocato|legale|studio legale,
traduttore,Traduttore/traduttrice / interprete,ufficio,2643,traduttore|traduttrice|interprete|traduzioni|localizzazione,
sviluppatore-software,Sviluppatore/sviluppatrice software,informatica,2512,sviluppatore|sviluppatrice|programmatore|programmatrice|software developer|backend|full stack,
sviluppatore-web,Sviluppatore/sviluppatrice web,informatica,2513,sviluppatore web|web developer|frontend|wordpress|sviluppatore siti,
tecnico-informatico,Tecnico/a informatico / helpdesk,informatica,3512,tecnico informatico|helpdesk|supporto tecnico|assistenza informatica|it support,
sistemista,Sistemista,informatica,2522,amministratore di sistema|system administrator|devops|cloud engineer,
tecnico-reti,Tecnico/a di reti,informatica,3513,tecnico reti|network|reti aziendali|sistemista di rete,
analista-dati,Analista dati,informatica,2511,data analyst|business intelligence|data scientist|reportistica,verificare codice ISCO
cybersecurity,Esperto/a di sicurezza informatica,informatica,2529,sicurezza informatica|security analyst|penetration tester|soc analyst,
riparazione-smartphone,Tecnico/a riparazione PC e smartphone,informatica,7422,riparazione smartphone|riparazione pc|tecnico telefonia|riparazione cellulari,
grafico,Grafico/a,informatica,2166,grafico|grafica|graphic designer|impaginatore,
social-media-manager,Social media manager / addetto marketing,informatica,2431,marketing|digital marketing|addetto marketing|content creator|community manager|seo,
fotografo,Fotografo/a / videomaker,informatica,3431,fotografo|fotografa|videomaker|operatore video|montatore video,
giornalista,Giornalista / redattore,informatica,2642,redattore|redattrice|copywriter|content writer,
tecnico-audio-luci,Tecnico/a audio e luci,informatica,3521,tecnico audio|tecnico luci|fonico|service audio|tecnico spettacolo|montaggio palchi,
insegnante-primaria,Insegnante di scuola primaria,istruzione,2341,maestra|maestro|insegnante elementare|docente primaria,
insegnante-secondaria,Insegnante di scuola secondaria,istruzione,2330,professore|professoressa|docente scuola media|docente superiori|insegnante,
insegnante-sostegno,Insegnante di sostegno,istruzione,2352,docente di sostegno|sostegno scolastico,
insegnante-lingue,Insegnante di lingue,istruzione,2353,insegnante inglese|docente di lingue|insegnante di lingua,
formatore,Formatore/formatrice,istruzione,2424,formatore|formatrice|docente corsi|trainer aziendale|formazione professionale,
tutor-ripetizioni,Tutor / insegnante di ripetizioni,istruzione,2359,ripetizioni|tutor|doposcuola|lezioni private|aiuto compiti,
istruttore-guida,Istruttore/istruttrice di guida,istruzione,5165,istruttore di guida|autoscuola|insegnante di teoria|istruttore patente,
collaboratore-scolastico,Collaboratore/collaboratrice scolastico,istruzione,5312,bidello|bidella|personale ata,verificare codice ISCO
animatore-centri-estivi,Animatore/animatrice centri estivi e ludoteche,istruzione,5311,centri estivi|grest|ludoteca|animatore bambini|campus estivo,verificare codice ISCO
tecnico-meccanico,Tecnico/a meccanico / progettista,tecnici,3115,tecnico meccanico|progettista meccanico|perito meccanico|disegnatore meccanico,
disegnatore-cad,Disegnatore/disegnatrice tecnico CAD,tecnici,3118,disegnatore cad|autocad|disegnatore tecnico|cad operator|solidworks,
tecnico-elettronico,Tecnico/a elettronico,tecnici,3114,tecnico elettronico|perito elettronico|elettronica|collaudatore elettronico,
tecnico-elettrotecnico,Tecnico/a elettrotecnico / progettista elettrico,tecnici,3113,perito elettrotecnico|progettista elettrico|tecnico elettrico|progettista impianti elettrici,
tecnico-automazione,Tecnico/a automazione / PLC,tecnici,3114,plc|automazione industriale|programmatore plc|tecnico automazione|robotica,verificare codice ISCO
tecnico-laboratorio-chimico,Tecnico/a di laboratorio chimico,tecnici,3111,tecnico di laboratorio|perito chimico|analista di laboratorio|chimico analista,
ingegnere-meccanico,Ingegnere meccanico,tecnici,2144,ingegnere meccanico|ingegnera meccanica,
ingegnere-civile,Ingegnere civile / edile,tecnici,2142,ingegnere civile|ingegnere edile|strutturista|progettista strutture,
ingegnere-elettrico,Ingegnere elettrico / elettronico,tecnici,2151,ingegnere elettrico|ingegnere elettronico|ingegnere dell'automazione,
ingegnere-gestionale,Ingegnere gestionale / di processo,tecnici,2141,ingegnere gestionale|process engineer|lean manufacturing|ingegnere di produzione,
architetto,Architetto/a,tecnici,2161,architetto|architetta|progettista edile,
rspp,"Tecnico/a salute e sicurezza sul lavoro (RSPP, HSE)",tecnici,2263,hse|tecnico sicurezza sul lavoro|aspp|responsabile sicurezza,
tecnico-ambientale,Tecnico/a ambientale,tecnici,2133,tecnico ambientale|consulente ambientale|rifiuti e ambiente,
tecnico-energetico,Tecnico/a energetico / certificatore,tecnici,3119,tecnico energetico|certificatore energetico|ape|energy manager,verificare codice ISCO
